area_code,area,item_code,item,element_code,element,unit,y1971,y1972,y1973,y1974,y1975,y1976,y1977,y1978,y1979,y1980,y1981,y1982,y1983,y1984,y1985,y1986,y1987,y1988,y1989,y1990,y1991,y1992,y1993,y1994,y1995,y1996,y1997,y1998,y1999,y2000,y2001,y2002,y2003,y2004,y2005,y2006,y2007,y2008,y2009,y2010,y2011,y2012,y2013,y2014,y2015,y2016,y2017,y2018
173,Poland,221,"Almonds, with shell",5312,Area harvested,ha,,,,,,,,,,,,,,,,,,,,,,,,,,,,,,,,,,,,,,,,,,,,,,,,0
173,Poland,221,"Almonds, with shell",5510,Production,tonnes,,,,,,,,,,,,,,,,,,,,,,,,,,,,,,,,,,,,,,,,,,,,,,,,0
173,Poland,711,"Anise, badian, fennel, coriander",5312,Area harvested,ha,,,,,,,,,,,,,,,,,,,,,,,,,,,,,,,,,,,,,,,,,,,,,,,,
173,Poland,711,"Anise, badian, fennel, coriander",5510,Production,tonnes,3400,,,,,,,,,,,,,,,,,,,0,0,0,,,,,,,,,,,,,,,,,,,,,,,,,,
173,Poland,515,Apples,5312,Area harvested,ha,,,,,,,,,,,,,,,154000,123000,76000,101000,103000,91500,112000,127000,135000,138000,145000,162000,165000,157800,165236,165098,166408,168456,159278,175206,169650,161989,175595,171963,173607,170443,183526,194680,193439,176335,180399,177203,176352,166150
173,Poland,515,Apples,5419,Yield,hg/ha,,,,,,,,,,,,,,,87217,156102,66372,137915,127381,88780,102281,123598,136426,104429,88848,120464,127170,106922,97087,87849,146263,128670,152422,143917,122308,142287,59225,164609,151277,110178,135843,147798,159486,181206,175656,203398,138439,240717
173,Poland,515,Apples,5510,Production,tonnes,563200,558500,682500,594300,840722,1160890,911928,1030343,1050671,844106,779693,2125690,1729491,1564430,1343142,1920051,504428,1392946,1312026,812340,1145544,1569690,1841755,1441124,1288289,1951515,2098297,1687226,1604221,1450376,2433940,2167518,2427753,2521514,2074951,2304892,1039967,2830658,2626273,1877906,2493078,2877336,3085074,3195299,3168818,3604271,2441393,3999520
173,Poland,526,Apricots,5312,Area harvested,ha,,,,,,,,,,,,,,,,,,,,,,,,,,,,,1900,1678,2613,1926,1655,1720,1469,1501,1638,1670,1821,1667,1692,1663,1405,1286,1110,1078,1049,970
173,Poland,526,Apricots,5419,Yield,hg/ha,,,,,,,,,,,,,,,,,,,,,,,,,,,,,21053,22050,22197,22030,28967,28308,21498,16309,6569,24557,28797,20252,23783,20613,29324,28989,33243,28506,12726,37113
173,Poland,526,Apricots,5510,Production,tonnes,,,,,,,,,,,,,,,,,,,,,,,,,,,,,4000,3700,5800,4243,4794,4869,3158,2448,1076,4101,5244,3376,4024,3428,4120,3728,3690,3073,1335,3600
173,Poland,366,Artichokes,5312,Area harvested,ha,,,,,,,,,,,,,,,,,,,,,,,,,,,,,,,,,,,,,,,,,,,,,,,,
173,Poland,366,Artichokes,5510,Production,tonnes,,,,,,,,,,,,,,,,,,,,,,,,,,,,,,,,,,,,,,,,,,,,,,,,
173,Poland,367,Asparagus,5312,Area harvested,ha,,,,,,,,,,,,,,,,,,,,200,184,158,206,188,198,208,197,143,220,231,213,194,250,220,200,215,215,215,197,207,250,165,182,229,218,204,204,1950
173,Poland,367,Asparagus,5419,Yield,hg/ha,,,,,,,,,,,,,,,,,,,,110000,107826,107595,106796,106383,106061,105769,105279,104895,104545,103896,103286,103093,100000,103227,100000,105256,106558,107860,106599,106280,108000,151515,141154,131703,131239,134853,136863,64872
173,Poland,367,Asparagus,5510,Production,tonnes,,,,,,,,,,,,,,,,,,,,2200,1984,1700,2200,2000,2100,2200,2074,1500,2300,2400,2200,2000,2500,2271,2000,2263,2291,2319,2100,2200,2700,2500,2569,3016,2861,2751,2792,12650
173,Poland,572,Avocados,5312,Area harvested,ha,,,,,,,,,,,,,,,,,,,,,,,,,,,,,,,,,,,,,,,,,,,,,,,,0
173,Poland,572,Avocados,5510,Production,tonnes,,,,,,,,,,,,,,,,,,,,,,,,,,,,,,,,,,,,,,,,,,,,,,,,0
173,Poland,486,Bananas,5312,Area harvested,ha,,,,,,,,,,,,,,,,,,,,,,,,,,,,,,,,,,,,,,,,,,,,,,,,0
173,Poland,486,Bananas,5510,Production,tonnes,,,,,,,,,,,,,,,,,,,,,,,,,,,,,,,,,,,,,,,,,,,,,,,,0
173,Poland,44,Barley,5312,Area harvested,ha,899000,1017000,1083000,1230300,1335100,1210035,1235387,1202512,1469794,1322343,1294230,1236611,1098951,1054429,1242287,1335306,1285712,1250253,1174748,1174113,1237389,1197899,1167693,1031953,1047578,1129754,1241996,1137556,1107456,1095998,1071154,1050714,1016150,1013903,1113143,1220596,1232373,1206560,1157000,970693,1018000,1160600,819994,808280,839265,915321,953784,975740
173,Poland,44,Barley,5419,Yield,hg/ha,27259,27040,29166,31769,27252,29894,27492,30232,25383,25861,27348,29493,29679,33715,32890,33040,33714,30428,33272,35920,34404,23531,27873,26026,31297,30419,31128,31749,30711,25396,31092,32072,27865,35218,32172,25898,32523,29998,34433,34997,32671,36018,35776,40516,35277,37594,39768,30659
173,Poland,44,Barley,5510,Production,tonnes,2450600,2750000,3158700,3908500,3638400,3617324,3396333,3635482,3730772,3419702,3539515,3647133,3261618,3554994,4085942,4411842,4334611,3804241,3908673,4217418,4257098,2818788,3254717,2685786,3278613,3436598,3866103,3611680,3401107,2783359,3330484,3369850,2831485,3570787,3581156,3161041,4008096,3619460,3983900,3397171,3325900,4180200,2933579,3274826,2960662,3441090,3793032,2991560
173,Poland,176,"Beans, dry",5312,Area harvested,ha,24000,23000,19000,10000,8537,8657,16445,19495,25543,26750,18122,10528,11641,15697,17876,19604,20269,18023,21641,17351,19668,22118,17460,12233,23350,16959,23405,24345,22777,25312,23071,23921,18077,20424,15900,21369,20061,15104,14267,17637,17541,13478,14843,17455,25829,21890,18003,
173,Poland,176,"Beans, dry",5419,Yield,hg/ha,15417,14783,15789,13000,10963,13560,12882,19217,15937,13697,20855,20420,25171,25805,21552,16274,15228,19447,17869,26484,23173,14564,19228,10574,18949,18251,18196,19730,19457,18634,17728,19389,18600,18591,18077,12962,19363,19757,19976,18958,19894,21704,21106,22001,15749,26751,27731,
173,Poland,176,"Beans, dry",5510,Production,tonnes,37000,34000,30000,13000,9359,11739,21185,37464,40707,36640,37793,21498,29302,40506,38527,31904,30866,35050,38671,45953,45577,32212,33572,12935,44245,30952,42588,48033,44317,47167,40900,46380,33623,37971,28743,27699,38845,29841,28500,33436,34896,29253,31328,38402,40679,58557,49924,
173,Poland,414,"Beans, green",5312,Area harvested,ha,,,,,,,,,,,,,,,,,,,,350,400,349,300,200,206,150,100,144,151,150,157,155,155,149,146,135,146,145,142,147,180,112,119,121,121,122,121,6420
173,Poland,414,"Beans, green",5419,Yield,hg/ha,,,,,,,,,,,,,,,,,,,,142857,175000,171920,166667,200000,190388,200000,200000,198264,200132,200000,205924,209290,211226,215235,218699,223630,217603,220414,225845,224490,222222,267857,253950,249008,252231,252295,253802,80654
173,Poland,414,"Beans, green",5510,Production,tonnes,,,,,,,,,,,,,,,,,,,,5000,7000,6000,5000,4000,3922,3000,2000,2855,3022,3000,3233,3244,3274,3207,3193,3019,3177,3196,3207,3300,4000,3000,3022,3013,3052,3078,3071,51780
173,Poland,558,Berries nes,5312,Area harvested,ha,,,,,,,,,,,,,,,,,,,,,,,0,0,918,1566,2134,2779,3250,4500,4750,5901,5144,5082,5643,5254,6885,6373,5864,13447,9418,10198,10799,9507,8735,12471,12615,14240
173,Poland,558,Berries nes,5419,Yield,hg/ha,,,,,,,,,,,,,,,,,,,,,,,,,74466,73914,75398,77891,86154,66667,68421,57114,78532,76539,68145,77526,56208,73414,66792,42415,53704,52793,57276,49842,48032,43393,42324,46334
173,Poland,558,Berries nes,5510,Production,tonnes,,,,,,,,,,,,,,,,,,,,,,,0,0,6836,11575,16090,21646,28000,30000,32500,33703,40397,38897,38454,40732,38699,46787,39167,57035,50578,53838,61852,47385,41956,54115,53392,65980
173,Poland,552,Blueberries,5312,Area harvested,ha,,,,,,,,,,,,,,,,,,,,425,810,1220,1570,1600,2550,3000,3110,3500,3800,4000,4500,719,713,957,1320,1440,1954,2256,2366,2167,2404,3126,3223,3470,3230,5039,7070,8090
173,Poland,552,Blueberries,5419,Yield,hg/ha,,,,,,,,,,,,,,,,,,,,40000,43210,46721,49045,47500,44706,50000,46624,48857,53947,53750,66667,28498,48107,40815,35136,34306,26745,34827,46589,42432,35753,35992,39500,35934,43690,29214,23116,31273
173,Poland,552,Blueberries,5510,Production,tonnes,0,,,,,,,,,,,,,,,,,,,1700,3500,5700,7700,7600,11400,15000,14500,17100,20500,21500,30000,2049,3430,3906,4638,4940,5226,7857,11023,9195,8595,11251,12731,12469,14112,14721,16343,25300
173,Poland,181,"Broad beans, horse beans, dry",5312,Area harvested,ha,,,,,,,,,,,,,,,,,,,,,,,,,,,,,,,140,180,180,214,330,230,270,214,180,140,9800,12500,9100,13450,35300,32900,31221,36000
173,Poland,181,"Broad beans, horse beans, dry",5419,Yield,hg/ha,,,,,,,,,,,,,,,,,,,,,,,,,,,,,,,14286,13889,13889,14019,15152,15217,14815,14019,13889,14286,24592,25072,25253,27353,23575,26398,26824,22725
173,Poland,181,"Broad beans, horse beans, dry",5510,Production,tonnes,,,,,,,,,,,,,,,,,,,,,,,,,,,,,,,200,250,250,300,500,350,400,300,250,200,24100,31340,22980,36790,83220,86850,83748,81810
173,Poland,89,Buckwheat,5312,Area harvested,ha,57000,42000,37000,41300,34031,42848,37289,61419,79105,126235,140065,97395,50545,50169,43705,39378,54460,61448,66372,38074,34783,42022,40213,42032,39427,41464,42200,44023,48030,61438,54732,36000,33826,47849,67531,80432,72680,64514,69830,88206,75768,71016,70384,62710,58529,81468,78027,
173,Poland,89,Buckwheat,5419,Yield,hg/ha,8596,9048,9730,7990,5953,7853,9710,9399,11373,7846,9310,7123,8853,11750,8834,8101,11289,11808,10755,11173,11269,8558,12574,7150,11515,12305,11686,13172,12559,11944,10718,11123,11133,12894,10676,6734,11590,10653,11632,11022,12272,13296,12911,13315,10853,14553,14497,
173,Poland,89,Buckwheat,5510,Production,tonnes,49000,38000,36000,33000,20259,33647,36206,57726,89964,99046,130405,69376,44745,58947,38611,31902,61478,72559,71386,42540,39197,35962,50564,30054,45402,51023,49313,57987,60321,73384,58661,40042,37657,61697,72096,54161,84236,68726,81226,97220,92985,94421,90874,83499,63524,118562,113113,
173,Poland,358,Cabbages and other brassicas,5312,Area harvested,ha,59196,47346,60964,62536,67841,65516,48271,62052,58746,60254,63003,58615,55390,58613,53265,53767,53366,52253,52240,52139,55135,52284,55367,57138,55553,47795,48428,51002,47384,48408,46287,30098,35318,36074,38844,38111,37299,33300,34331,24130,28808,27973,22484,27133,23528,24091,24442,26400
173,Poland,358,Cabbages and other brassicas,5419,Yield,hg/ha,226502,274215,247359,239126,230432,222090,303901,296809,254650,224554,258499,208145,220611,355278,294719,331524,336011,301288,309455,335426,335176,245874,353000,292556,335839,383239,365519,396057,360703,392290,369343,408476,365026,397073,355689,327744,372450,377318,389545,433900,447353,428530,454738,449088,371882,453137,443339,373239
173,Poland,358,Cabbages and other brassicas,5510,Production,tonnes,1340800,1298300,1508000,1495400,1563277,1455043,1466960,1841761,1495969,1353028,1628620,1220042,1221964,2082390,1569820,1782504,1793156,1574318,1616591,1748878,1847993,1285527,1954454,1671605,1865685,1831691,1770133,2019969,1709154,1898996,1709580,1229432,1289200,1432401,1381637,1249066,1389200,1256470,1337348,1047000,1288735,1198726,1022434,1218511,874964,1091653,1083608,985350
173,Poland,426,Carrots and turnips,5312,Area harvested,ha,23046,20659,23848,24551,26512,25245,23442,27527,27519,28255,28952,27726,27375,28467,27170,27848,28208,29055,30766,31114,32473,31858,33978,35557,32936,28881,29647,33404,32653,34504,33059,27767,30277,30384,33218,32516,31412,28213,29547,19570,23522,22828,19096,22376,22149,22308,22118,22670
173,Poland,426,Carrots and turnips,5419,Yield,hg/ha,174087,221550,203413,173028,164217,166086,222881,218241,217172,194042,221207,188619,203969,266363,251207,251009,273307,255835,245902,264053,259220,210982,274087,221162,247240,274966,269649,296957,277609,274384,278868,249243,275662,305407,279672,256249,298685,289591,309102,390692,377253,365647,388832,367627,305974,368479,373966,320410
173,Poland,426,Carrots and turnips,5510,Production,tonnes,401200,457700,485100,424800,435373,419283,522478,600753,597636,548266,640438,522964,558365,758256,682529,699010,770943,743328,756542,821575,841766,672148,931292,786386,814311,794128,799428,991955,906477,946736,921911,692073,834621,927949,929014,833218,938230,817024,913304,764585,887374,834698,742514,822602,677702,822003,827138,726370
173,Poland,393,Cauliflowers and broccoli,5312,Area harvested,ha,11000,5000,10000,9000,10117,11371,9695,9229,10610,10628,10947,10367,11013,11024,11662,12250,12687,13065,12800,11923,13335,13020,13276,14042,13756,11922,12801,14219,12894,13139,12996,11327,12464,12752,14059,14935,15128,14661,15617,13482,14948,15486,12629,14379,14724,14090,14276,15180
173,Poland,393,Cauliflowers and broccoli,5419,Yield,hg/ha,112727,176000,126500,125111,129758,125002,147580,146473,143718,134653,150459,129201,139419,178088,178766,182100,185042,176498,181688,187599,190736,151876,193158,157003,183992,202946,186359,200900,174833,188903,192683,176531,172668,187852,169885,167674,186690,187507,186419,202486,199123,198099,218568,222938,171739,223377,222063,192852
173,Poland,393,Cauliflowers and broccoli,5510,Production,tonnes,124000,88000,126500,112600,131276,142140,143079,135180,152485,143109,164707,133943,153542,196324,208477,223073,234763,230594,232561,223674,254347,197742,256436,220463,253100,241952,238558,285660,225430,248200,250411,199957,215214,239549,238841,250421,282425,274904,291131,272991,297649,306776,276030,320563,252868,314738,317017,292750
173,Poland,108,Cereals nes,5312,Area harvested,ha,,,,,,,,,,,,,,,,,,,,,,,,,,,,,,,,,1746,1265,1306,1708,2936,1945,2585,16333,5053,3420,8879,8685,5294,2383,2420,96240
173,Poland,108,Cereals nes,5419,Yield,hg/ha,,,,,,,,,,,,,,,,,,,,,,,,,,,,,,,,,18396,22988,22749,16862,22916,19645,25598,18098,21397,22772,20957,20583,12503,10655,12488,12549
173,Poland,108,Cereals nes,5510,Production,tonnes,,,,,,,,,,,,,,,,,,,,,,,,,,,,,,,,,3212,2908,2971,2880,6728,3821,6617,29560,10812,7788,18608,17876,6619,2539,3022,120770
173,Poland,531,Cherries,5312,Area harvested,ha,,,,,,,,,,,,,,,14200,10600,3200,7700,7800,6400,7700,8800,9500,9700,10800,11800,12000,12931,11884,12114,12315,11867,11040,10879,9548,9674,10289,9903,10625,12031,11555,11610,10879,10766,9508,9632,9578,8940
173,Poland,531,Cherries,5419,Yield,hg/ha,,,,,,,,,,,,,,,21749,26077,12000,27992,21547,14606,21121,29149,33294,29743,32997,31515,29688,31739,29520,31826,36253,34344,39966,44528,39284,39657,19619,41218,47534,33359,32872,35369,43710,44650,50629,55827,20532,67069
173,Poland,531,Cherries,5510,Production,tonnes,19700,11700,26400,11200,21949,45129,32991,23868,32100,25166,19713,28564,38643,36565,30884,27642,3840,21554,16807,9348,16263,25651,31629,28851,35637,37188,35626,41042,35081,38554,44645,40756,44122,48442,37508,38364,20186,40818,50505,40134,37984,41063,47552,48070,48138,53773,19666,59960
173,Poland,530,"Cherries, sour",5312,Area harvested,ha,,,,,,,,,,,,,,,39000,24000,8600,22400,24200,23200,25300,29400,31500,32000,34800,38000,33545,38373,38930,39316,39966,39002,37776,39095,34433,36608,37634,36176,35464,33019,33982,33731,33667,32070,29587,29311,29453,27970
173,Poland,530,"Cherries, sour",5419,Yield,hg/ha,,,,,,,,,,,,,,,16959,25097,15514,43591,36379,33390,31527,40714,46682,37185,41489,39312,40546,40721,37128,35506,44965,44396,50595,51601,40615,53247,28605,55750,53356,44592,51512,51997,55908,55050,60621,66465,24309,71730
173,Poland,530,"Cherries, sour",5510,Production,tonnes,20300,26700,25500,24900,18938,41067,36117,35353,37568,41945,36508,43344,80441,76271,66142,60232,13342,97643,88037,77464,79764,119699,147048,118991,144382,149384,136012,156258,144539,139595,179709,173154,191127,201734,139851,194928,107651,201681,189220,147238,175049,175391,188224,176545,179360,194817,71598,200630
173,Poland,220,Chestnut,5312,Area harvested,ha,,,,,,,,,,,,,,,,,,,,,,,,,,,,,,,,,,,,,,,,,,,,,,,,0
173,Poland,220,Chestnut,5510,Production,tonnes,,,,,,,,,,,,,,,,,,,,,,500,100,50,,60,200,150,100,50,,,,,,,260,500,354,363,371,460,394,,,,,0
173,Poland,459,Chicory roots,5312,Area harvested,ha,,,,,,,,,,,,,,,,,,,,,1536,1739,1060,1460,1679,1239,981,958,2228,4140,2060,1862,1390,1069,1047,1919,1851,1320,1763,1406,1397,1815,931,964,1321,1010,1127,
173,Poland,459,Chicory roots,5419,Yield,hg/ha,,,,,,,,,,,,,,,,,,,,,234368,181024,262642,193260,218446,237579,172365,247777,141131,145495,182282,232755,241971,270645,225215,190068,173350,212886,217510,263144,250551,271003,278292,333755,216654,238812,258474,
173,Poland,459,Chicory roots,5510,Production,tonnes,15000,20000,20000,23000,28000,35000,55533,94400,50505,34172,44019,46480,67690,66242,66470,30501,40000,79475,32159,73617,35999,31480,27840,28216,36677,29436,16909,23737,31444,60235,37550,43339,33634,28932,23580,36474,32087,28101,38347,36998,35002,49187,25909,32174,28620,24120,29130,
173,Poland,401,"Chillies and peppers, green",5312,Area harvested,ha,,,,,,,,,,,,,,,,,,,,,,,,,,,,,,,,,,,,,,,,,,,,,,,,3710
173,Poland,401,"Chillies and peppers, green",5419,Yield,hg/ha,,,,,,,,,,,,,,,,,,,,,,,,,,,,,,,,,,,,,,,,,,,,,,,,450000
173,Poland,401,"Chillies and peppers, green",5510,Production,tonnes,,,,,,,,,,,,,,,,,,,,,,,,,,,,,,,,,,,,,,,,,,,,,,,,166950
173,Poland,554,Cranberries,5312,Area harvested,ha,,,,,,,,,,,,,,,,,,,,,,,,,,,,,,,,,,,,,,,,,,,,,,,,
173,Poland,554,Cranberries,5510,Production,tonnes,,,,,,,,,,,,,,,,,,,,,,,,,,,,,,,,,,,,,,,,,,,,,,,,
173,Poland,397,Cucumbers and gherkins,5312,Area harvested,ha,29508,26250,31202,31936,33689,34078,26038,31782,33322,32048,34460,31961,30173,28645,28570,29020,31214,32875,31354,30816,33936,32393,32637,34073,33000,27193,28000,29000,27000,27000,26500,19641,21541,21192,21889,22216,21036,19960,20138,14942,17461,17100,14800,16552,16178,14792,15031,16470
173,Poland,397,Cucumbers and gherkins,5419,Yield,hg/ha,117256,174019,146048,75589,144584,84429,129218,70689,150096,74110,147510,109075,128408,83142,49632,100509,113102,150776,112415,125762,136479,122092,115395,107406,123061,114000,119643,137931,142593,131852,128302,245710,226757,218870,214019,221421,243087,251288,238630,295952,292590,304601,346428,321435,301178,363749,361736,327067
173,Poland,397,Cucumbers and gherkins,5510,Production,tonnes,346000,456800,455700,241400,487088,287716,336457,224665,500149,237507,508320,348614,387444,238159,141798,291678,353036,495676,352465,387547,463156,395493,376615,365963,406100,310000,335000,400000,385000,356000,340000,482599,488458,463829,468467,491909,511357,501571,480553,442212,510892,520868,512714,532039,487245,538057,543726,538680
173,Poland,550,Currants,5312,Area harvested,ha,,,,,,,,,,,,,,,31000,28000,20500,30400,30500,30000,30500,34350,32600,31300,31080,32510,31000,34932,33910,33522,34451,42320,38906,38914,47107,43020,45816,43321,43094,45224,39884,44707,45938,45392,44374,44181,44041,43650
173,Poland,550,Currants,5419,Yield,hg/ha,,,,,,,,,,,,,,,58030,53550,49590,54381,54649,43470,55485,62127,60034,53864,49740,59382,52125,50122,45224,43786,50884,37201,49472,49981,39656,45221,30244,45379,45587,43485,42532,43510,43201,35813,36040,37598,29247,37718
173,Poland,550,Currants,5510,Production,tonnes,48609,49454,72776,78049,89786,93329,130632,110785,151393,111957,129071,138557,164112,150846,179894,149940,101660,165319,166680,130409,169228,213406,195712,168595,154591,193052,161586,175086,153353,146780,175300,157434,192475,194498,186809,194539,138568,196587,196453,196658,169634,194522,198459,162562,159922,166110,128808,164640
173,Poland,399,Eggplants (aubergines),5312,Area harvested,ha,,,,,,,,,,,,,,,,,,,,,,,,,,,,,,,,,,,,,,,,,,,,,,,,
173,Poland,399,Eggplants (aubergines),5510,Production,tonnes,,,,,,,,,,,,,,,,,,,,,,,,,,,,,,,,,,,,,,,,,,,,,,,,
173,Poland,569,Figs,5312,Area harvested,ha,,,,,,,,,,,,,,,,,,,,,,,,,,,,,,,,,,,,,,,,,,,,,,,,0
173,Poland,569,Figs,5510,Production,tonnes,,,,,,,,,,,,,,,,,,,,,,,,,,,,,,,,,,,,,,,,,,,,,,,,0
173,Poland,773,Flax fibre and tow,5312,Area harvested,ha,100500,96400,77300,73900,79069,86545,62346,83922,100905,82144,58668,42092,47527,44476,43053,36486,27713,31258,34289,29630,9672,5505,4003,8120,13742,5859,3724,2373,3109,4082,5200,5100,2927,3456,5652,2586,2041,2428,1897,541,848,640,667,249,295,159,174,90
173,Poland,773,Flax fibre and tow,5419,Yield,hg/ha,5950,5892,5705,5954,7677,6111,5801,7033,6381,6015,5760,5431,5375,6307,6382,6385,6110,5774,5437,5490,4797,3388,4122,3621,4002,3926,3759,4214,22194,19353,19615,19804,3543,4164,3248,2177,2460,2916,2225,3641,2936,2781,2609,2209,2339,3145,2011,27778
173,Poland,773,Flax fibre and tow,5510,Production,tonnes,59800,56800,44100,44000,60700,52884,36164,59025,64387,49413,33794,22862,25544,28052,27475,23295,16933,18048,18642,16268,4640,1865,1650,2940,5500,2300,1400,1000,6900,7900,10200,10100,1037,1439,1836,563,502,708,422,197,249,178,174,55,69,50,35,250
173,Poland,512,"Fruit, citrus nes",5312,Area harvested,ha,,,,,,,,,,,,,,,,,,,,,,,,,,,,,,,,,,,,,,,,,,,,,,,,0
173,Poland,512,"Fruit, citrus nes",5510,Production,tonnes,,,,,,,,,,,,,,,,,,,,,,,,,,,,,,,,,,,,,,,,,,,,,,,,0
173,Poland,619,"Fruit, fresh nes",5312,Area harvested,ha,,,,,,,,,,,,,,,1100,1100,900,900,900,420,320,220,100,51,52,1000,916,758,800,696,1000,4000,2000,3000,4000,4758,6190,5712,5800,6301,9829,11356,12826,14987,12972,13555,13810,
173,Poland,619,"Fruit, fresh nes",5419,Yield,hg/ha,,,,,,,,,,,,,,,72727,72727,55556,66667,55556,71429,62500,59091,60000,58824,57692,57000,43668,31649,15000,21552,20000,21750,37500,83333,87500,83094,59792,78447,79310,74561,60928,56997,54556,49686,53747,52664,52033,
173,Poland,619,"Fruit, fresh nes",5510,Production,tonnes,26000,21200,27700,13400,18600,23900,15600,7200,7900,2800,2000,7000,7000,9000,8000,8000,5000,6000,5000,3000,2000,1300,600,300,300,5700,4000,2399,1200,1500,2000,8700,7500,25000,35000,39536,37011,44809,46000,46981,59886,64726,69973,74464,69721,71386,71857,
173,Poland,541,"Fruit, stone nes",5312,Area harvested,ha,,,,,,,,,,,,,,,5200,3400,500,1600,2000,1200,1500,2200,2500,2400,2900,3300,3835,3905,2000,3500,2635,3800,2000,3000,2900,3000,2705,2900,2800,3354,3049,2900,3233,3150,3274,3334,3306,
173,Poland,541,"Fruit, stone nes",5419,Yield,hg/ha,,,,,,,,,,,,,,,21923,42324,8540,27588,30365,19550,21960,42018,51324,35679,41379,40606,38331,38668,45000,39143,39089,46579,24000,43333,34483,36667,36969,36207,30357,32191,36048,35510,35311,35895,35916,35672,35569,
173,Poland,541,"Fruit, stone nes",5510,Production,tonnes,5100,3000,9300,2600,6100,11100,13526,12186,13098,12650,7944,18879,24395,20085,11400,14390,427,4414,6073,2346,3294,9244,12831,8563,12000,13400,14700,15100,9000,13700,10300,17700,4800,13000,10000,11000,10000,10500,8500,10797,10991,10298,11416,11307,11759,11893,11759,
173,Poland,603,"Fruit, tropical fresh nes",5312,Area harvested,ha,,,,,,,,,,,,,,,,,,,,,,,,,,,,,,,,,,,,,,,,,,,,,,,,0
173,Poland,603,"Fruit, tropical fresh nes",5510,Production,tonnes,,,,,,,,,,,,,,,,,,,,,,,,,,,,,,,,,,,,,,,,,,,,,,,,0
173,Poland,406,Garlic,5312,Area harvested,ha,,,,,,,,,,,,,,,,,,,,,,,,,,,,,,,,,,,,,,,,,,,,,,,,1450
173,Poland,406,Garlic,5419,Yield,hg/ha,,,,,,,,,,,,,,,,,,,,,,,,,,,,,,,,,,,,,,,,,,,,,,,,109172
173,Poland,406,Garlic,5510,Production,tonnes,,,,,,,,,,,,,,,,,,,,,,,,,,,,,,,,,,,,,,,,,,,,,,,,15830
173,Poland,549,Gooseberries,5312,Area harvested,ha,,,,,,,,,,,,,,,6000,6000,6000,6000,6000,6207,5424,5893,6160,5760,5750,5800,5500,6244,5944,5879,5755,3640,3613,3636,3131,2980,3122,2902,2824,3159,3096,3108,2661,2373,2212,2380,2334,
173,Poland,549,Gooseberries,5419,Yield,hg/ha,,,,,,,,,,,,,,,67442,65515,61422,66600,69555,56143,76726,76318,75998,72929,73595,72431,65480,61003,52932,48619,51472,59720,56311,54719,53398,54440,43997,55672,55903,44916,47125,52503,56321,52457,54819,52361,40518,
173,Poland,549,Gooseberries,5510,Production,tonnes,21465,22066,27095,30684,25948,26553,23244,29725,34942,37023,34254,35702,40267,42560,40465,39309,36853,39960,41733,34848,41616,44974,46815,42007,42317,42010,36014,38090,31463,28583,29622,21738,20345,19896,16719,16223,13736,16156,15787,14189,14590,16318,14987,12448,12126,12462,9457,
173,Poland,103,"Grain, mixed",5312,Area harvested,ha,372000,457000,461000,477000,543197,582275,625628,643691,764743,736775,880631,929363,913673,853511,920864,1056835,1064752,1184261,1162141,1169211,1229815,1260307,1255557,1308897,1365855,1262891,1429427,1458042,1383696,1477654,1471234,1364747,1453674,1460833,1436447,1543720,1505161,1444010,1339647,1093910,1199222,1278331,1012371,880812,812889,797857,880388,992540
173,Poland,103,"Grain, mixed",5419,Yield,hg/ha,23038,23611,29046,30818,26039,27823,25974,27483,23069,24061,26349,26969,26332,30074,29867,30114,31128,28606,29826,30400,29952,20730,25485,23120,28143,27876,28716,29313,28289,20867,27592,28109,24817,29585,27264,21889,28285,25435,28993,30520,28124,30661,29842,33179,27678,30270,32343,24774
173,Poland,103,"Grain, mixed",5510,Production,tonnes,857000,1079000,1339000,1470000,1414428,1620041,1625000,1769036,1764155,1772790,2320405,2506353,2405924,2566828,2750331,3182507,3314393,3387710,3466184,3554357,3683540,2612605,3199783,3026197,3843988,3520422,4104696,4274015,3914311,3083447,4059492,3836100,3607643,4321856,3916353,3379033,4257396,3672890,3884045,3338666,3372730,3919553,3021106,2922436,2249945,2415153,2847409,2458900
173,Poland,507,Grapefruit (inc. pomelos),5312,Area harvested,ha,,,,,,,,,,,,,,,,,,,,,,,,,,,,,,,,,,,,,,,,,,,,,,,,0
173,Poland,507,Grapefruit (inc. pomelos),5510,Production,tonnes,,,,,,,,,,,,,,,,,,,,,,,,,,,,,,,,,,,,,,,,,,,,,,,,0
173,Poland,560,Grapes,5312,Area harvested,ha,,,,,,,,,,,,,,,,,,,,,,,,,,,,,,,,,,,,,,,,,,,,,,,,730
173,Poland,560,Grapes,5419,Yield,hg/ha,,,,,,,,,,,,,,,,,,,,,,,,,,,,,,,,,,,,,,,,,,,,,,,,53699
173,Poland,560,Grapes,5510,Production,tonnes,,,,,,,,,,,,,,,,,,,,,,,,,,,,,,,,,,,,,,,,,,,,,,,,3920
173,Poland,225,"Hazelnuts, with shell",5312,Area harvested,ha,,,,,,,,,,,,,,,,,,,,,,,,,,,,,,,,1736,1637,1651,2638,2241,3618,3131,2663,3575,3489,3686,4006,4023,3553,3722,3740,3720
173,Poland,225,"Hazelnuts, with shell",5419,Yield,hg/ha,,,,,,,,,,,,,,,,,,,,,,,,,,,,,,,,9055,14172,13798,11603,11767,9591,10968,11472,7410,8894,11457,12811,13748,15260,14847,12393,17849
173,Poland,225,"Hazelnuts, with shell",5510,Production,tonnes,,,,,,,,,,,,,,,,,,,,,,,,,,,,,,,,1572,2320,2278,3061,2637,3470,3434,3055,2649,3103,4223,5132,5531,5422,5526,4635,6640
173,Poland,777,Hemp tow waste,5312,Area harvested,ha,14100,13200,11100,13300,11877,11086,10071,8180,2187,3912,4120,3673,2558,1688,1741,2172,2917,2658,2122,652,74,38,154,427,345,150,220,70,70,70,70,70,70,70,70,83,93,102,102,101,100,100,99,82,82,83,82,300
173,Poland,777,Hemp tow waste,5419,Yield,hg/ha,8085,8333,8018,8421,9575,9440,13974,17256,12817,10907,12051,10888,11243,11268,11792,11501,12187,11226,11701,12178,6757,6842,12143,8454,6493,7467,6818,7143,7143,7143,7143,7143,7143,7143,7143,6747,6774,6863,6765,6733,6700,6600,6566,6341,6463,6506,6463,58000
173,Poland,777,Hemp tow waste,5510,Production,tonnes,11400,11000,8900,11200,11372,10465,14073,14115,2803,4267,4965,3999,2876,1902,2053,2498,3555,2984,2483,794,50,26,187,361,224,112,150,50,50,50,50,50,50,50,50,56,63,70,69,68,67,66,65,52,53,54,53,1740
173,Poland,336,Hempseed,5312,Area harvested,ha,3000,3000,2000,2000,2000,2000,2000,1806,480,978,1030,919,640,422,436,542,729,664,531,163,18,10,38,107,60,50,80,30,52,51,53,53,54,55,43,58,59,59,60,60,60,60,60,73,63,61,59,
173,Poland,336,Hempseed,5419,Yield,hg/ha,6667,6667,10000,10000,5260,7940,4060,4524,5292,2863,5903,5365,5500,5521,5757,5646,5967,5497,5725,6012,3333,3000,6053,4112,4667,4000,3750,5000,4423,4510,4528,4528,4630,4545,4651,4655,4576,4746,4667,4667,4667,5000,5000,4795,4762,4754,4746,
173,Poland,336,Hempseed,5510,Production,tonnes,2000,2000,2000,2000,1052,1588,812,817,254,280,608,493,352,233,251,306,435,365,304,98,6,3,23,44,28,20,30,15,23,23,24,24,25,25,20,27,27,28,28,28,28,30,30,35,30,29,28,
173,Poland,677,Hops,5312,Area harvested,ha,2600,2600,2600,2500,2409,2305,2330,2401,2448,2474,2445,2369,2435,2475,2494,2333,2315,2299,2192,2131,2124,2201,2013,2239,2259,2315,2213,2156,1969,1923,1948,2198,2172,2233,2511,2528,2292,2315,2195,1709,1643,1633,1623,1684,1471,1215,1671,1660
173,Poland,677,Hops,5419,Yield,hg/ha,7308,9615,12308,10000,11362,11033,10618,8084,9853,6791,11476,13153,10961,14081,11010,11607,11097,10622,8390,9456,8107,10386,11788,9692,13112,12790,12363,10858,12819,12876,12228,10942,14075,12866,14194,11820,14882,15153,17877,12832,15703,13509,14978,16110,15656,16486,19455,19337
173,Poland,677,Hops,5510,Production,tonnes,1900,2500,3200,2500,2737,2543,2474,1941,2412,1680,2806,3116,2669,3485,2746,2708,2569,2442,1839,2015,1722,2286,2373,2170,2962,2961,2736,2341,2524,2476,2382,2405,3057,2873,3564,2988,3411,3508,3924,2193,2580,2206,2431,2713,2303,2003,3251,3210
173,Poland,592,Kiwi fruit,5312,Area harvested,ha,,,,,,,,,,,,,,,,,,,,,,,,,,,,,,,,,,,,,,,,,,,,,,,,0
173,Poland,592,Kiwi fruit,5510,Production,tonnes,,,,,,,,,,,,,,,,,,,,,,,,,,,,,,,,,,,,,,,,,,,,,,,,0
173,Poland,407,"Leeks, other alliaceous vegetables",5312,Area harvested,ha,,,,,,,,,,,,,,,,,,,,7500,8000,6458,8228,7158,7818,7000,7068,7500,7000,7500,7000,5335,5800,6221,7048,7238,6967,6385,6806,6659,6281,5799,4807,5514,5632,6566,6475,4530
173,Poland,407,"Leeks, other alliaceous vegetables",5419,Yield,hg/ha,,,,,,,,,,,,,,,,,,,,150667,150000,147104,148274,149483,150934,154286,149972,126667,157143,157333,157143,141719,162179,177888,162516,154518,169150,166832,176491,196989,194665,201671,204866,206775,173079,180699,189419,194592
173,Poland,407,"Leeks, other alliaceous vegetables",5510,Production,tonnes,,,,,,,,,,,,,,,,,,,,113000,120000,95000,122000,107000,118000,108000,106000,95000,110000,118000,110000,75607,94064,110664,114541,111840,117847,106522,120120,131175,122269,116949,98479,114016,97478,118647,122649,88150
173,Poland,497,Lemons and limes,5312,Area harvested,ha,,,,,,,,,,,,,,,,,,,,,,,,,,,,,,,,,,,,,,,,,,,,,,,,0
173,Poland,497,Lemons and limes,5510,Production,tonnes,,,,,,,,,,,,,,,,,,,,,,,,,,,,,,,,,,,,,,,,,,,,,,,,0
173,Poland,372,Lettuce and chicory,5312,Area harvested,ha,,,,,,,,,,,,100,100,100,100,100,100,100,100,1200,1293,1040,1328,1142,1300,1100,1061,1200,1100,1101,966,800,929,1026,1457,1456,1395,1180,1231,1501,1488,1597,1310,1509,1617,2065,2135,3440
173,Poland,372,Lettuce and chicory,5419,Yield,hg/ha,,,,,,,,,,,,200000,200000,200000,200000,200000,200000,200000,200000,100000,100541,100962,101657,100701,100000,109091,103676,83333,109091,118074,124224,137500,124241,147417,136671,116394,147247,122042,120276,193924,216425,201440,234969,230510,206568,197758,202487,172994
173,Poland,372,Lettuce and chicory,5510,Production,tonnes,,,,,,,,,,,,2000,2000,2000,2000,2000,2000,2000,2000,12000,13000,10500,13500,11500,13000,12000,11000,10000,12000,13000,12000,11000,11542,15125,19913,16947,20541,14401,14806,29108,32204,32170,30781,34784,33402,40837,43231,59510
173,Poland,333,Linseed,5312,Area harvested,ha,100500,96400,77300,73900,79069,86545,62346,83922,100905,82144,58668,42092,47527,44476,43053,36486,27713,31258,34289,29630,9672,5505,4003,8120,13742,5859,3724,2373,3109,506,953,621,740,774,1016,1391,1759,1341,1624,3413,2162,1234,1470,2386,4499,7297,5875,4980
173,Poland,333,Linseed,5419,Yield,hg/ha,7463,6639,6598,5413,4622,5610,6086,6128,3500,3500,4012,3593,3584,4190,4251,4256,4073,3800,3620,3660,5017,3573,4964,4179,4507,4591,4278,4682,4226,9743,7629,10322,9905,11240,16585,9691,11592,11663,12820,9900,12077,12982,13939,17284,13552,11357,15489,13494
173,Poland,333,Linseed,5510,Production,tonnes,75000,64000,51000,40000,36548,48549,37943,51430,35317,28750,23535,15124,17033,18637,18302,15529,11288,11878,12413,10845,4852,1967,1987,3393,6193,2690,1593,1111,1314,493,727,641,733,870,1685,1348,2039,1564,2082,3379,2611,1602,2049,4124,6097,8287,9100,6720
173,Poland,210,Lupins,5312,Area harvested,ha,97000,84000,75000,86000,74714,76252,65496,62373,40668,52478,35907,54474,88156,114667,118995,123713,116327,116408,132109,103000,45157,61826,34598,20623,21571,14412,17352,12595,20221,16331,14398,4464,8907,11621,28903,25423,41904,30670,35678,75601,52508,49221,64265,80022,207837,126899,103276,95640
173,Poland,210,Lupins,5419,Yield,hg/ha,12474,11310,11333,11279,8194,8215,9349,9346,8599,7896,8163,8240,8153,9765,10008,9042,10975,10733,9991,12136,18200,13600,15725,10600,14000,15166,14482,21000,11404,11188,13021,14509,12595,16373,14155,11008,13478,12940,15963,16693,14962,15806,15879,17470,14010,16253,16333,12756
173,Poland,210,Lupins,5510,Production,tonnes,121000,95000,85000,97000,61219,62640,61233,58295,34970,41435,29310,44889,71874,111970,119094,111861,127664,124936,131995,125000,82186,84084,54405,21860,30199,21857,25130,26450,23061,18271,18748,6477,11218,19027,40913,27985,56480,39686,56954,126200,78562,77799,102044,139802,291182,206247,168678,122000
173,Poland,56,Maize,5312,Area harvested,ha,4900,3500,3500,4700,14808,52402,57283,32923,46471,16308,15575,16134,15422,14983,15962,22233,31624,40024,51064,59021,70123,56048,54521,50402,48165,69296,77117,85180,104226,152273,224435,318694,356337,411704,339342,302977,261975,317193,274100,333375,333300,543800,614300,678250,670295,593514,562105,645410
173,Poland,56,Maize,5419,Yield,hg/ha,26531,28571,37143,40426,53323,44046,40516,36263,38998,35443,42048,41957,41362,38270,42973,50706,46033,51073,47786,49126,48468,36699,53160,37503,49586,50514,54011,58272,57506,60637,60683,61563,52862,56935,57329,41609,65743,58149,62262,59824,71770,73481,65761,65881,47087,73173,71545,58756
173,Poland,56,Maize,5510,Production,tonnes,13000,10000,13000,19000,78961,230810,232085,119390,181226,57800,65489,67694,63789,57340,68593,112735,145574,204416,244012,289949,339872,205692,289832,189024,238831,350041,416516,496363,599362,923341,1361938,1961980,1883677,2344027,1945402,1260657,1722297,1844440,1706600,1994391,2392100,3995900,4039700,4468403,3156212,4342910,4021592,3792140
173,Poland,446,"Maize, green",5312,Area harvested,ha,,,,,,,,,,,,,,,,,,,,1300,1400,1133,1458,1283,1500,1300,1200,1300,1350,1321,1171,900,1046,1256,1297,1393,1490,1606,1832,1907,1985,2357,1319,3724,4915,6686,5236,
173,Poland,446,"Maize, green",5419,Yield,hg/ha,,,,,,,,,,,,,,,,,,,,95385,94286,92674,92593,91972,86667,92308,95833,76923,90370,98410,104184,114444,104933,102500,122668,106030,122040,109446,114372,126576,130423,117760,128317,115384,83955,113555,114605,
173,Poland,446,"Maize, green",5510,Production,tonnes,,,,,,,,,,,,,,,,,,,,12400,13200,10500,13500,11800,13000,12000,11500,10000,12200,13000,12200,10300,10976,12874,15910,14770,18184,17577,20953,24138,25889,27756,16925,42969,41264,75923,60007,
173,Poland,568,"Melons, other (inc.cantaloupes)",5312,Area harvested,ha,,,,,,,,,,,,,,,,,,,,,,,,,,,,,,,,,,,,,,,,,,,,,,,,
173,Poland,568,"Melons, other (inc.cantaloupes)",5510,Production,tonnes,,,,,,,,,,,,,,,,,,,,,,,,,,,,,,,,,,,,,,,,,,,,,,,,
173,Poland,79,Millet,5312,Area harvested,ha,18000,15000,13600,13000,11742,0,,,,,,,,,,,,,,0,0,0,,,,,,,,,,,1682,3413,3958,4611,6755,6037,7465,11852,12054,22301,32422,36397,28009,24552,16943,
173,Poland,79,Millet,5419,Yield,hg/ha,12778,12000,12500,10000,7594,,,,,,,,,,,,,,,,,,,,,,,,,,,,19019,20319,17852,11245,17309,15720,16265,15966,13333,14863,13499,14248,12772,16685,18170,
173,Poland,79,Millet,5510,Production,tonnes,23000,18000,17000,13000,8917,0,,,,,,,,,,,,,,0,0,0,,,,,,,,,,,3199,6935,7066,5185,11692,9490,12142,18923,16072,33146,43767,51860,35772,40965,30785,
173,Poland,449,Mushrooms and truffles,5312,Area harvested,ha,,,,,,,,,,,,,,,,,,,,,,,,,,,,,,,,,,,,,,,,,,,,,,,,
173,Poland,449,Mushrooms and truffles,5419,Yield,hg/ha,,,,,,,,,,,,,,,,,,,,,,,,,,,,,,,,,,,,,,,,,,,,,,,,
173,Poland,449,Mushrooms and truffles,5510,Production,tonnes,4802,9207,2492,7574,3700,7000,15000,24000,22000,26000,23000,20600,22000,39000,40000,37000,46000,83000,101000,104000,101500,100000,100910,101539,102304,105175,106617,103214,105590,109409,110000,120000,134873,150000,160000,169049,180000,185000,206613,230000,220000,230006,249148,263368,268990,280348,291357,200160
173,Poland,234,Nuts nes,5312,Area harvested,ha,,,,,,,,,,,,,,,,,,,,,,,,,,,,,,,,,,,,,,,,,,,,,,,,0
173,Poland,234,Nuts nes,5510,Production,tonnes,,,,,,,,,,,,,,,,,,,,,,,,50,55,,,,,,,,150,50,,55,,,,,,,,,,,,0
173,Poland,75,Oats,5312,Area harvested,ha,1330000,1359300,1271200,1182000,1291181,1114737,1096542,1029782,1094207,997190,1155852,1085636,1042007,934221,994501,923979,856060,850012,803207,746761,686166,666567,641755,618142,595360,624759,625540,561283,572349,565632,531010,605175,526897,519734,539211,539074,582556,550617,525300,574131,546200,513800,433812,478572,460695,472475,491241,497220
173,Poland,75,Oats,5419,Yield,hg/ha,24023,23630,25338,27445,22616,24174,23270,24194,19978,22512,23623,24019,22811,27872,26966,26907,28369,26135,27212,28373,27303,18439,23263,20104,25105,25306,26057,26013,25270,18921,24579,24564,22431,27523,24557,19194,25102,22927,26945,26415,25295,28569,27432,30479,26473,28744,29814,23015
173,Poland,75,Oats,5510,Production,tonnes,3195000,3212000,3221000,3244000,2920167,2694714,2551634,2491425,2186028,2244845,2730464,2607538,2376916,2603822,2681756,2486135,2428572,2221520,2185673,2118813,1873408,1229055,1492943,1242712,1494655,1581000,1629989,1460063,1446307,1070210,1305195,1486560,1181888,1430468,1324134,1034720,1462349,1262390,1415400,1516542,1381600,1467900,1190039,1458623,1219620,1358079,1464606,1144360
173,Poland,339,Oilseeds nes,5312,Area harvested,ha,36000,12300,9900,11300,13331,14139,13090,21476,25184,16547,10970,12391,13938,23529,10435,6923,6978,7232,13105,25103,15710,19647,14930,27789,27465,18257,16695,22433,26478,14817,18021,12951,34552,26631,19020,34007,28541,20312,23835,32868,20550,17062,18967,30466,41315,22781,32614,29970
173,Poland,339,Oilseeds nes,5419,Yield,hg/ha,8889,8130,10101,10619,11804,11649,10170,10588,9180,6690,8635,9423,8773,9903,8991,8574,8806,8540,8474,10853,9205,5572,7828,7505,8735,10091,9895,9929,9344,8843,10427,11520,9482,12440,12550,8916,11545,11091,12875,13527,12842,12735,13313,14280,12988,14867,17571,12789
173,Poland,339,Oilseeds nes,5510,Production,tonnes,32000,10000,10000,12000,15736,16471,13312,22738,23119,11070,9473,11676,12228,23301,9382,5936,6145,6176,11105,27244,14461,10947,11687,20856,23990,18424,16519,22273,24742,13102,18790,14920,32763,33129,23871,30319,32952,22529,30687,44462,26390,21729,25250,43506,53658,33869,57305,38330
173,Poland,260,Olives,5312,Area harvested,ha,,,,,,,,,,,,,,,,,,,,,,,,,,,,,,,,,,,,,,,,,,,,,,,,0
173,Poland,260,Olives,5510,Production,tonnes,,,,,,,,,,,,,,,,,,,,,,,,,,,,,,,,,,,,,,,,,,,,,,,,0
173,Poland,403,"Onions, dry",5312,Area harvested,ha,26731,20273,24913,25802,23650,24639,22993,25250,23942,26098,26816,26147,25282,24898,24578,27000,30568,28296,29467,28992,33285,34518,33538,37083,38568,31727,31753,35153,34424,35724,33969,27698,32463,36548,34664,34942,34415,30187,31419,23705,26629,25072,20080,24727,25011,26548,26019,25450
173,Poland,403,"Onions, dry",5419,Yield,hg/ha,125996,160854,145466,136307,139504,134671,159671,170524,139523,115472,157939,161207,162449,188589,187383,195036,201119,181952,191344,195852,201132,156270,215852,159324,196972,203550,192418,215148,199957,201642,194153,211177,208934,236876,205998,168907,218645,204801,225275,243823,254218,256130,274438,263303,219282,245348,256508,221167
173,Poland,403,"Onions, dry",5510,Production,tonnes,336800,326100,362400,351700,329927,331815,367132,430574,334045,301359,423530,421508,410704,469550,460551,526596,614781,514850,563833,567815,669467,539412,723923,590823,759680,645802,610985,756310,688332,720345,659517,584917,678262,865735,714070,590195,752468,618233,707792,577983,676956,642169,551072,651070,548447,651349,667407,562870
173,Poland,490,Oranges,5312,Area harvested,ha,,,,,,,,,,,,,,,,,,,,,,,,,,,,,,,,,,,,,,,,,,,,,,,,0
173,Poland,490,Oranges,5510,Production,tonnes,,,,,,,,,,,,,,,,,,,,,,,,,,,,,,,,,,,,,,,,,,,,,,,,0
173,Poland,534,Peaches and nectarines,5312,Area harvested,ha,,,,,,,,,,,,,,,,,,,,,,,,,,,,,400,466,1173,4125,3763,3703,3291,3210,3310,3176,3354,3378,3461,3355,2944,2662,2426,2346,2262,2120
173,Poland,534,Peaches and nectarines,5419,Yield,hg/ha,,,,,,,,,,,,,,,,,,,,,,,,,,,,,50000,38627,36658,36187,33117,38723,29140,17196,10918,38086,37376,27581,25123,27061,35472,36702,40993,45281,21410,49906
173,Poland,534,Peaches and nectarines,5510,Production,tonnes,,,,,,,,,,,,,,,,,,,,,,,,,,,,,2000,1800,4300,14927,12462,14339,9590,5520,3614,12096,12536,9317,8695,9079,10443,9770,9945,10623,4843,10580
173,Poland,521,Pears,5312,Area harvested,ha,,,,,,,,,,,,,,,27300,20400,7800,13600,14500,12500,14700,16400,17600,16300,18500,18200,18300,21035,18312,18334,18377,14372,14530,14462,12566,12503,13036,13028,13152,8377,11670,10875,10679,10022,9219,7818,7751,7300
173,Poland,521,Pears,5419,Yield,hg/ha,,,,,,,,,,,,,,,35216,48901,18956,40906,40725,27900,35884,40702,50875,27571,44668,28334,31708,39297,36329,44513,42092,64052,53116,60360,47200,47426,23585,55890,63133,55559,53799,59474,70862,73510,75447,104207,71142,124534
173,Poland,521,Pears,5510,Production,tonnes,100900,86500,76800,62600,81642,104560,137656,85678,108563,80416,87942,105432,125617,94430,96139,99758,14786,55632,59051,34875,52750,66751,89540,44941,82635,51568,58025,82661,66526,81610,77353,92056,77178,87292,59311,59297,30746,72813,83032,46542,62784,64678,75674,73672,69555,81469,55142,90910
173,Poland,187,"Peas, dry",5312,Area harvested,ha,51000,47000,42000,26000,29362,28000,26000,31000,38000,43000,38000,21000,23000,34000,38000,30000,28000,36000,41000,35000,36077,44130,36485,27162,25095,29012,24524,28483,23583,23441,19472,17581,13278,12924,15031,15203,13454,10684,10669,16674,14287,15441,12142,16352,37983,37360,30105,15320
173,Poland,187,"Peas, dry",5419,Yield,hg/ha,12941,12766,13333,15769,13144,14286,13462,20323,17632,12791,15000,15238,18261,18235,15789,23333,23571,20278,19756,20000,24043,15029,20080,19410,22543,22776,22331,22113,23375,19469,20421,22880,20114,25405,22551,19031,24112,21877,23339,22839,25823,29129,27369,27165,24025,25471,27493,16802
173,Poland,187,"Peas, dry",5510,Production,tonnes,66000,60000,56000,41000,38593,40000,35000,63000,67000,55000,57000,32000,42000,62000,60000,70000,66000,73000,81000,70000,86739,66324,73263,52721,56571,66078,54764,62984,55125,45637,39763,40225,26708,32834,33897,28933,32440,23373,24900,38081,36893,44978,33232,44421,91254,95161,82768,25740
173,Poland,417,"Peas, green",5312,Area harvested,ha,,,,,,,,,,,,,,,,,,,,7000,7500,5843,7895,6826,7419,6800,7500,7000,6696,6979,6358,4116,5840,6094,7086,6807,6845,6263,6794,5557,5774,6419,4818,7263,8611,8724,9039,8720
173,Poland,417,"Peas, green",5419,Yield,hg/ha,,,,,,,,,,,,,,,,,,,,48571,48000,47921,48132,48345,48524,47059,48605,42857,49283,50150,51903,56805,48377,55336,53658,49838,53667,51645,54572,66622,52653,56136,60104,58722,50805,51871,57255,47856
173,Poland,417,"Peas, green",5510,Production,tonnes,,,,,,,,,,,,,,,,,,,,34000,36000,28000,38000,33000,36000,32000,36454,30000,33000,35000,33000,23381,28252,33722,38022,33925,36735,32345,37076,37022,30402,36034,28958,42650,43748,45252,51753,41730
173,Poland,536,Plums and sloes,5312,Area harvested,ha,,,,,,,,,,,,,,,49800,38500,9100,26300,26600,21000,23400,28600,29900,30000,30600,31800,31700,30017,31717,31720,31596,26894,24979,25370,20822,21120,22187,21129,21044,17880,20244,19307,18203,16537,13895,14506,14344,13480
173,Poland,536,Plums and sloes,5419,Yield,hg/ha,,,,,,,,,,,,,,,34508,38151,9662,37144,28211,20334,28539,34079,33059,25798,29230,34782,39991,35690,28612,33706,41742,38258,43862,52272,43890,44336,24098,53755,57365,46867,45333,53089,56256,64133,68320,75488,40716,89822
173,Poland,536,Plums and sloes,5510,Production,tonnes,131400,126400,107800,138000,114546,209157,147045,176518,145247,210270,74607,134662,161837,131269,171848,146880,8792,97688,75041,42702,66782,97467,98847,77393,89445,110606,126770,107132,90749,106915,131888,102892,109563,132613,91387,93638,53467,113578,120718,83798,91772,102498,102402,106057,94931,109503,58403,121080
173,Poland,116,Potatoes,5312,Area harvested,ha,2669400,2656000,2678400,2683900,2580864,2466018,2436627,2359618,2440611,2343734,2257679,2177748,2219880,2146689,2095078,2008707,1934097,1866064,1858466,1835340,1732701,1757336,1760676,1697247,1522357,1341894,1306442,1295006,1267846,1250623,1194232,803378,765771,713250,588184,597230,569600,548884,507952,400696,406439,373000,346134,276927,300355,309896,329323,290970
173,Poland,116,Potatoes,5419,Yield,hg/ha,149101,183492,193878,180777,179897,202558,168871,197693,203113,112600,188519,146714,155292,174394,174438,194341,187437,185988,185048,197853,167589,133086,206004,135853,163505,202826,159025,200375,157170,193762,162270,193220,179316,196266,176293,150394,207006,190607,191018,210838,230338,243751,210624,277661,210207,286304,278503,251296
173,Poland,116,Potatoes,5510,Production,tonnes,39801104,48735408,51928208,48518800,46429040,49951088,41147616,46647888,49571920,26390544,42561648,31950640,34472976,37437056,36546144,39037408,36252208,34706528,34390480,36312784,29038130,23387744,36270544,23057540,24891330,27217090,20775644,25948670,19926716,24232376,19378860,15522842,13731500,13998654,10369253,8981976,11791072,10462100,9702800,8448180,9361848,9091900,7290427,7689180,6313669,8872445,9171733,7311960
173,Poland,211,Pulses nes,5312,Area harvested,ha,51000,51000,51000,84700,90200,67300,53400,53400,52416,53233,59076,65870,79780,94059,115249,126809,126382,159625,182024,155300,153700,157800,84100,61000,51600,53000,50000,80500,79900,73000,50000,52750,67450,52700,46300,60000,58000,55000,56248,54007,69699,123330,75757,115790,123251,98811,158004,105020
173,Poland,211,Pulses nes,5419,Yield,hg/ha,18235,19020,19216,16647,14712,14799,13895,15749,14545,11794,12964,16736,17374,21639,18098,19709,22037,20190,19487,23149,25895,13029,26397,17705,23062,24189,23500,18398,23892,20548,21900,25517,24611,29279,27214,25000,24138,24545,27874,27535,25938,26200,26848,26694,22558,16048,19733,21696
173,Poland,211,Pulses nes,5510,Production,tonnes,93000,97000,98000,141000,132700,99600,74200,84100,76240,62781,76585,110239,138610,203538,208579,249927,278512,322281,354717,359500,398000,205600,222000,108000,119000,128200,117500,148100,190900,150000,109500,134600,166000,154300,126000,150000,140000,135000,156784,148709,180785,323119,203389,309086,278029,158576,311784,227850
173,Poland,394,"Pumpkins, squash and gourds",5312,Area harvested,ha,,,,,,,,,,,,,,,,,,,,1600,1800,1700,2020,1699,1800,1500,1571,1600,1500,1600,1420,1100,1192,1253,1672,1830,1528,1547,1883,1716,1767,1637,1081,1741,1941,2509,2675,2550
173,Poland,394,"Pumpkins, squash and gourds",5419,Yield,hg/ha,,,,,,,,,,,,,,,,,,,,156250,150000,126471,136139,141260,147222,160000,151222,137500,163333,165625,176056,190909,190419,210391,216788,217973,263416,255953,281832,347086,343447,377147,399593,382171,325348,355986,385047,363216
173,Poland,394,"Pumpkins, squash and gourds",5510,Production,tonnes,,,,,,,,,,,,,,,,,,,,25000,27000,21500,27500,24000,26500,24000,23757,22000,24500,26500,25000,21000,22698,26362,36247,39889,40250,39596,53069,59560,60687,61739,43196,66536,63150,89317,103000,92620
173,Poland,270,Rapeseed,5312,Area harvested,ha,361500,275700,315400,257900,309030,397571,399578,336729,180032,319834,277311,258448,247042,395607,467021,514859,498576,470481,569997,500374,467760,417136,348441,370275,606382,282625,317352,465995,545273,436768,443227,438986,426270,538222,550200,623853,796751,771069,809970,945483,830149,720308,920705,951108,947075,822624,914266,845110
173,Poland,270,Rapeseed,5419,Yield,hg/ha,16459,15597,16233,20279,23500,24646,17718,20528,13010,17892,17864,16774,22484,23019,22965,25214,23790,25492,27821,24103,22292,18176,17060,20409,22702,15898,18746,23586,20758,21937,23998,21703,18603,30339,26350,26473,26732,27311,30826,23572,22427,25900,29083,34442,28517,26978,29502,24915
173,Poland,270,Rapeseed,5510,Production,tonnes,595000,430000,512000,523000,726235,979835,707991,691242,234221,572232,495377,433531,555440,910634,1072503,1298190,1186096,1199333,1585810,1206035,1042744,758188,594428,755695,1376599,449305,594899,1099084,1131867,958145,1063638,952737,792971,1632919,1449756,1651525,2129873,2105840,2496825,2228676,1861807,1865598,2677665,3275806,2700776,2219270,2697265,2105610
173,Poland,547,Raspberries,5312,Area harvested,ha,5805,5850,6007,6169,6879,7899,7533,8000,8000,9001,8900,8900,8900,8900,9098,10100,10100,10100,10100,10762,11006,10171,9977,10320,12140,12470,12676,12775,12609,12587,12916,13417,13253,14169,17763,17025,20604,19971,20223,29556,27063,28423,28823,28272,27375,29282,29317,29610
173,Poland,547,Raspberries,5419,Yield,hg/ha,19516,20759,31851,29079,36271,23366,27389,30109,30813,21672,28004,33544,32926,33202,41675,31879,16961,42991,43487,26442,28757,27675,32532,29291,33295,28677,31829,35104,34257,31562,34700,33446,32401,40112,36864,30860,27369,40835,40438,31420,43600,44701,41994,44517,29185,44076,35639,39044
173,Poland,547,Raspberries,5510,Production,tonnes,11329,12144,19133,17939,24951,18457,20632,24087,24650,19507,24924,29854,29304,29550,37916,32198,17131,43421,43922,28457,31650,28148,32457,30228,40420,35760,40347,44845,43195,39727,44818,44874,42941,56835,65482,52539,56391,81552,81778,92864,117995,127055,121040,125859,79895,129063,104482,115610
173,Poland,27,"Rice, paddy",5312,Area harvested,ha,,,,,,,,,,,,,,,,,,,,,,,,,,,,,,,,,,,,,,,,,,,,,,,,0
173,Poland,27,"Rice, paddy",5510,Production,tonnes,,,,,,,,,,,,,,,,,,,,,,,,,,,,,,,,,,,,,,,,,,,,,,,,0
173,Poland,30,"Rice, paddy (rice milled equivalent)",5510,Production,tonnes,,,,,,,,,,,,,,,,,,,,,,,,,,,,,,,,,,,,,,,,,,,,,,,,0
173,Poland,71,Rye,5312,Area harvested,ha,3710700,3543300,3415800,3137600,2791947,2934079,3115743,3030002,2868214,3039035,3002360,3272838,3447623,3545277,3083133,2760012,2646609,2325000,2274987,2314451,2289498,2033905,2212766,2436266,2451600,2414978,2297919,2290852,2242462,2130229,2002329,1560000,1479300,1549637,1415336,1318004,1316201,1396520,1395700,1059568,1085471,1042046,1172722,886443,725257,775087,873222,893960
173,Poland,71,Rye,5419,Yield,hg/ha,21094,22998,24205,25120,22458,23591,20058,24535,18133,21607,22420,23810,25469,26910,24652,25630,25756,23659,27325,26114,25767,19575,22560,21755,25647,23406,23062,24723,23103,18792,24290,24558,21444,27624,24053,19891,23748,24694,26602,26914,23959,27716,28645,31503,27758,28378,30618,23788
173,Poland,71,Rye,5510,Production,tonnes,7827300,8149000,8268000,7881500,6270021,6921929,6249491,7434176,5201025,6566401,6731261,7792483,8780701,9540277,7600454,7073775,6816729,5500610,6216478,6043965,5899383,3981440,4992101,5300132,6287642,5652480,5299513,5663665,5180658,4003047,4863637,3831000,3172240,4280716,3404312,2621626,3125691,3448550,3712900,2851706,2600676,2888137,3359271,2792593,2013148,2199578,2673642,2126570
173,Poland,83,Sorghum,5312,Area harvested,ha,,,,,,,,,,,,,,,,,,,,,,,,,,,,,,,,,,,,,,,,,,,,,,,,0
173,Poland,83,Sorghum,5510,Production,tonnes,,,,,,,,,,,,,,,,,,,,,,,,,,,,,,,,,,,,,,,,,,,,,,,,0
173,Poland,236,Soybeans,5312,Area harvested,ha,,,,,,,,,,,,,,,,,,,,,,,,,,,,,,,,,447,268,296,294,332,67,127,181,208,855,0,0,0,7642,9333,5450
173,Poland,236,Soybeans,5419,Yield,hg/ha,,,,,,,,,,,,,,,,,,,,,,,,,,,,,,,,,5817,16007,11284,11429,15813,15224,16457,13757,15913,17076,,,,19297,21748,19064
173,Poland,236,Soybeans,5510,Production,tonnes,,,,,,,,,,,,,,,,,,,,,,,,,,,,,,,,,260,429,334,336,525,102,209,249,331,1460,0,0,0,14747,20297,10390
173,Poland,373,Spinach,5312,Area harvested,ha,,,,,,,,,,,,,,,,,,,,,,,,,,,,,,,,,,,,,,,,,,,,,,,,1030
173,Poland,373,Spinach,5419,Yield,hg/ha,,,,,,,,,,,,,,,,,,,,,,,,,,,,,,,,,,,,,,,,,,,,,,,,72524
173,Poland,373,Spinach,5510,Production,tonnes,,,,,,,,,,,,,,,,,,,,,,,,,,,,,,,,,,,,,,,,,,,,,,,,7470
173,Poland,544,Strawberries,5312,Area harvested,ha,30271,34199,41495,44827,46493,47484,45478,48000,50000,57603,48600,48600,48600,48600,47072,56300,56300,56300,56300,57926,62379,63295,60465,46204,61259,53585,50233,52614,58297,61967,65754,37962,44033,52502,55281,55733,52477,54308,53708,37122,50522,46813,55020,52673,52139,50600,49642,49180
173,Poland,544,Strawberries,5419,Yield,hg/ha,35392,28438,40649,38365,34327,32548,40184,42065,38539,31216,39485,43486,39231,38197,45016,47405,59367,44283,47762,41654,42102,32312,33074,30647,34488,33818,32351,28483,30569,27646,36822,40325,29851,35371,33426,34775,28151,36986,37060,41326,32888,32075,35014,38447,39297,38927,35841,41724
173,Poland,544,Strawberries,5510,Production,tonnes,107134,97256,168675,171978,159595,154550,182747,201911,192696,179816,191899,211341,190662,185639,211901,266889,334234,249311,268898,241284,262625,204519,199979,141602,211271,181213,162509,149858,178211,171314,242118,153083,131441,185704,184782,193813,147730,200864,199042,153410,166159,150151,192647,202511,204889,196972,177921,205200
173,Poland,423,String beans,5312,Area harvested,ha,,,,,,,,,,,,,,,,,,,,7200,7600,7500,7600,5568,7800,6800,6883,7200,6800,7000,6800,5043,6081,6010,7272,7288,7329,7494,7864,6490,7263,7026,5117,6120,6260,6679,6367,
173,Poland,423,String beans,5419,Yield,hg/ha,,,,,,,,,,,,,,,,,,,,81944,82895,64000,86842,80819,79487,83824,79907,55556,85294,88571,85294,86476,87864,86276,89237,71518,88827,85203,89138,107279,94424,85232,108417,94842,73550,85956,90223,
173,Poland,423,String beans,5510,Production,tonnes,,,,,,,,,,,,,,,,,,,,59000,63000,48000,66000,45000,62000,57000,55000,40000,58000,62000,58000,43610,53430,51852,64893,52122,65101,63851,70098,69624,68580,59884,55477,58043,46042,57410,57445,
173,Poland,157,Sugar beet,5312,Area harvested,ha,420700,438000,445300,439900,495857,555035,531957,523313,454818,459762,469643,493019,486382,472589,436375,422827,421653,412247,422659,440221,361348,375751,398915,400467,384477,452638,419364,400274,371714,333131,317448,303000,286300,297257,286179,262046,247432,187484,199936,206225,203512,212018,193671,197638,180119,203389,231716,238920
173,Poland,157,Sugar beet,5419,Yield,hg/ha,298479,327420,306849,294862,316762,272177,294011,300137,311192,220526,337857,305980,336450,339583,336036,336248,331717,341272,340077,379831,315812,294129,391581,291562,346160,394265,378816,379006,337991,394271,357977,443363,410042,428261,409903,437893,512527,464846,542634,483579,573635,582476,580066,682504,519904,664922,678976,598649
173,Poland,157,Sugar beet,5510,Production,tonnes,12557000,14341000,13664000,12971000,15706842,15106801,15640109,15706549,14153586,10138960,15867210,15085414,16364304,16048313,14663764,14217460,13986964,14068824,14373680,16720958,11411793,11051938,15620752,11676090,13309070,17845920,15886194,15170608,12563612,13134383,11363907,13433900,11739509,12730366,11730554,11474820,12681555,8715120,10849200,9972598,11674153,12349546,11234194,13488875,9364467,13523781,15732952,14302910
173,Poland,267,Sunflower seed,5312,Area harvested,ha,,,,,,,,,,,,,,,,,,,,,,,,,,,,,426,665,764,566,764,2813,4334,4609,3243,2616,2279,2994,2775,3255,2624,1361,1341,2030,3238,5670
173,Poland,267,Sunflower seed,5419,Yield,hg/ha,,,,,,,,,,,,,,,,,,,,,,,,,,,,,14507,15053,14110,14947,17212,15866,17116,11627,17459,17848,18113,15053,18663,17613,17523,17090,16450,17473,19246,16296
173,Poland,267,Sunflower seed,5510,Production,tonnes,,,,,,,,,,,,,,,,,,,,,,,,,,,,,618,1001,1078,846,1315,4463,7418,5359,5662,4669,4128,4507,5179,5733,4598,2326,2206,3547,6232,9240
173,Poland,495,"Tangerines, mandarins, clementines, satsumas",5312,Area harvested,ha,,,,,,,,,,,,,,,,,,,,,,,,,,,,,,,,,,,,,,,,,,,,,,,,0
173,Poland,495,"Tangerines, mandarins, clementines, satsumas",5510,Production,tonnes,,,,,,,,,,,,,,,,,,,,,,,,,,,,,,,,,,,,,,,,,,,,,,,,0
173,Poland,826,"Tobacco, unmanufactured",5312,Area harvested,ha,42000,46000,48315,52255,50398,59489,54891,43750,42977,51680,48588,48445,52337,49821,52505,50384,48424,41773,29430,27527,27710,22572,18462,25053,18554,18568,16766,19288,20868,14057,12591,10296,10299,17255,14875,16871,17570,17395,17100,15721,15895,15000,14686,14612,13405,11958,12885,16390
173,Poland,826,"Tobacco, unmanufactured",5419,Yield,hg/ha,16667,16302,16157,12439,20300,20992,15932,13474,17254,10886,19660,19798,19063,19721,21234,24852,23531,21643,19049,21434,20724,19914,19549,17194,21424,20595,19306,19532,20934,21018,18979,20132,21338,16844,22510,17487,22471,23658,22978,22125,21660,23559,20959,23880,20329,26092,25218,20250
173,Poland,826,"Tobacco, unmanufactured",5510,Production,tonnes,70000,74989,78064,65000,102306,124880,87455,58949,74153,56259,95525,95912,99772,98253,111490,125213,113948,90409,56060,59000,57425,44949,36091,43076,39750,38241,32369,37673,43686,29545,23896,20728,21976,29065,33483,29503,39482,41153,39293,34782,34428,35338,30781,34893,27251,31201,32493,33190
173,Poland,388,Tomatoes,5312,Area harvested,ha,26324,25426,27486,28901,30379,32291,26513,30568,30796,30697,31342,30187,29802,28388,27121,27710,28065,28434,28916,28969,29848,28380,28622,29629,28525,23816,23221,23741,21583,21001,19464,11333,13821,14515,15571,15973,15909,14640,15278,10943,13441,13108,11824,12517,12694,11239,11442,13110
173,Poland,388,Tomatoes,5419,Yield,hg/ha,130641,154802,138943,76676,137565,117526,71347,52211,152832,58729,141663,146582,172261,89442,98733,167142,125790,185304,156111,142955,150876,142221,126601,126660,140693,96780,94323,149943,154332,148322,140617,542168,438717,401124,385758,407918,433540,479881,464212,509973,529942,578987,701558,647581,622061,771403,784838,708490
173,Poland,388,Tomatoes,5510,Production,tonnes,343900,393600,381900,221600,417909,379503,189162,159600,470662,180281,444000,442488,513373,253907,267774,463151,353029,526893,451410,414127,450334,403623,362358,375280,401326,230492,219027,355979,333095,311492,273697,614439,606351,582232,600664,651567,689719,702546,709223,558064,712295,758936,829522,810577,789644,866980,898012,928830
173,Poland,97,Triticale,5312,Area harvested,ha,,,,,,,,,,,,,,,20000,75000,310825,549352,648636,748564,731077,659263,656796,586242,616443,696535,630122,635463,660116,695308,839000,943895,985600,1058193,1194537,1194282,1260241,1333460,1465000,1324754,1269258,991797,1176700,1306025,1516168,1373529,1352013,1287970
173,Poland,97,Triticale,5419,Yield,hg/ha,,,,,,,,,,,,,,,27500,31333,32720,31512,37059,36346,33499,25946,28844,27823,33225,30584,29211,32392,31766,27340,32156,32289,28527,35185,32674,26769,32907,33444,35727,34541,33369,33769,36314,40173,35217,37148,39290,31132
173,Poland,97,Triticale,5510,Production,tonnes,,,,,,,,,,,,,,,55000,235000,1017010,1731133,2403794,2720713,2449064,1710529,1894446,1631083,2048148,2130301,1840675,2058374,2096914,1900959,2697862,3047740,2811596,3723271,3903000,3196957,4147061,4459610,5234000,4575809,4235328,3349225,4273027,5246647,5339437,5102445,5312061,4009660
173,Poland,463,"Vegetables, fresh nes",5312,Area harvested,ha,58100,55500,59900,60100,60000,58500,70800,94300,93100,96000,94300,91500,85000,71052,68745,70365,74387,74726,74156,42900,46300,47100,46400,35000,49700,43900,44100,42500,43600,42900,48500,39600,35600,37800,41100,50046,40259,36314,37504,33573,33329,33126,27683,32688,36126,35564,35633,36445
173,Poland,463,"Vegetables, fresh nes",5419,Yield,hg/ha,115783,119117,127780,115707,137317,146462,129689,120626,125371,112656,135260,121574,131835,180333,184988,192837,196311,199168,196963,277995,259158,306964,265582,313743,229920,252392,239184,246562,232225,261958,238041,341389,208792,214286,199270,177127,207887,206136,222169,254080,255119,248874,277003,268392,228868,248062,255582,196995
173,Poland,463,"Vegetables, fresh nes",5510,Production,tonnes,672700,661100,765400,695400,823900,856800,918200,1137500,1167200,1081500,1275500,1112400,1120600,1281300,1271700,1356900,1460300,1488300,1460600,1192600,1199900,1445800,1232300,1098100,1142700,1108000,1054800,1047887,1012500,1123800,1154500,1351900,743300,810000,819000,886448,836933,748563,833221,853023,850287,824419,766827,877319,826807,882206,910714,717950
173,Poland,420,"Vegetables, leguminous nes",5312,Area harvested,ha,,,,,,,,,,,,,,,,,,,,1500,1600,1306,1698,1497,1700,1500,1400,1500,1631,1606,1456,983,1248,1481,1481,1489,1432,1277,1568,1441,1354,1265,1129,1767,1720,2150,2228,2180
173,Poland,420,"Vegetables, leguminous nes",5419,Yield,hg/ha,,,,,,,,,,,,,,,,,,,,66667,67500,65084,64782,64128,61765,65333,67857,53333,61312,65380,68681,72747,73309,82485,76448,63707,73520,71919,76358,79230,79638,74285,95031,87566,71895,73553,85588,64908
173,Poland,420,"Vegetables, leguminous nes",5510,Production,tonnes,,,,,,,,,,,,,,,,,,,,10000,10800,8500,11000,9600,10500,9800,9500,8000,10000,10500,10000,7151,9149,12216,11322,9486,10528,9184,11973,11417,10783,9397,10729,15473,12366,15814,19069,14150
173,Poland,205,Vetches,5312,Area harvested,ha,34000,29000,26000,30000,26133,18735,18438,15813,15348,12670,16870,14502,17477,13151,10119,9596,8600,9131,8828,7300,22047,32584,18942,9853,7407,6029,5151,4840,2937,2720,2098,655,608,683,2674,899,2559,1759,3022,5368,2782,3650,3568,6935,11845,10882,6620,
173,Poland,205,Vetches,5419,Yield,hg/ha,9706,8621,10000,10000,7325,8600,7263,5732,6863,6624,7985,9500,8675,9576,10096,10612,10458,10368,9623,11644,15100,13400,13770,8800,12301,11133,10540,14000,12819,13607,13389,14702,12845,15857,14390,10901,11501,16714,16959,17204,14410,14400,15238,16959,14349,16347,1573,
173,Poland,205,Vetches,5510,Production,tonnes,33000,25000,26000,30000,19142,16112,13392,9064,10534,8393,13470,13777,15161,12593,10216,10183,8994,9467,8495,8500,33292,43663,26083,8671,9111,6712,5429,6776,3765,3701,2809,963,781,1083,3848,980,2943,2940,5125,9235,4009,5256,5437,11761,16996,17789,1041,
173,Poland,222,"Walnuts, with shell",5312,Area harvested,ha,,,,,,,,,,,,,,,,,,,,200,183,400,500,400,500,600,700,755,1500,1841,2000,3479,3611,2993,2328,6345,6176,19583,20106,29059,26551,16529,3012,2773,2482,2802,2722,2310
173,Poland,222,"Walnuts, with shell",5419,Yield,hg/ha,,,,,,,,,,,,,,,,,,,,12500,19672,25000,28000,22500,26000,23333,22857,21192,20000,21727,25000,22892,23481,27357,25069,10139,10317,5912,6088,3157,3938,7448,26786,25013,28525,25749,13659,36710
173,Poland,222,"Walnuts, with shell",5510,Production,tonnes,,,,,,,,,,,,,,,,,,,,250,360,1000,1400,900,1300,1400,1600,1600,3000,4000,5000,7964,8479,8188,5836,6433,6372,11577,12241,9175,10456,12310,8068,6936,7080,7215,3718,8480
173,Poland,567,Watermelons,5312,Area harvested,ha,,,,,,,,,,,,,,,,,,,,,,,,,,,,,,,,,,,,,,,,,,,,,,,,
173,Poland,567,Watermelons,5510,Production,tonnes,,,,,,,,,,,,,,,,,,,,,,,,,,,,,,,,,,,,,,,,,,,,,,,,
173,Poland,15,Wheat,5312,Area harvested,ha,2060500,2047700,1961700,2002200,1842100,1832193,1833867,1852302,1549071,1608623,1417734,1456271,1537317,1706480,1884536,2025005,2132600,2178661,2195450,2280653,2437393,2405097,2476870,2407047,2406786,2480428,2555092,2631319,2582969,2635097,2627047,2414175,2308045,2310742,2218093,2175725,2111982,2277950,2346200,2124222,2258700,2077200,2137868,2338782,2395451,2364078,2391853,2417230
173,Poland,15,Wheat,5419,Yield,hg/ha,26478,25135,29599,32007,28264,31355,28946,32551,27032,25957,29648,30734,33598,35220,34283,37045,37239,34802,38542,39575,38032,30635,33279,31817,36015,34574,32064,36243,35042,32268,35336,38539,34047,42811,39545,32447,39381,40716,41725,44290,41348,41438,44367,49721,45744,45802,48773,39871
173,Poland,15,Wheat,5510,Production,tonnes,5455700,5146800,5806500,6408400,5206500,5744775,5308265,6029398,4187394,4175486,4203256,4475712,5165083,6010201,6460793,7501702,7941554,7582141,8461619,9025756,9269974,7368097,8242694,7658457,8668035,8575954,8192681,9536576,9051339,8502865,9283044,9304000,7858160,9892482,8771434,7059671,8317265,9274920,9789586,9408110,9339200,8607600,9485183,11628670,10957787,10827902,11665702,9637620
173,Poland,1717,"Cereals, Total",5312,Area harvested,ha,8452100,8484800,8246800,8088100,7864106,7768569,8001739,7852631,7871605,7846509,7906447,8094248,8105538,8159070,8204988,8237748,8382642,8439011,8376605,8530848,8716244,8321108,8506171,8480981,8571214,8720105,8899413,8843718,8701304,8813629,8820941,8293400,8163257,8377273,8328904,8381129,8352860,8598806,8582827,7597044,7803026,7704311,7479452,7484956,7511852,7400264,7601996,7806310
173,Poland,1717,"Cereals, Total",5419,Yield,hg/ha,23510,24046,26506,28409,24870,26856,24243,27426,22029,23368,24943,26150,27264,29896,28935,30391,31088,29037,32182,32838,31908,23990,27530,25661,30224,29011,28541,30710,29594,25348,30564,32408,28654,35376,32331,25982,32495,32172,34751,35840,34304,37049,38044,42680,37278,40335,41996,33667
173,Poland,1717,"Cereals, Total",5510,Production,tonnes,19870600,20402800,21859200,22977400,19557653,20863240,19399014,21536633,17340564,18336070,19720795,21166289,22098776,24392409,23741480,25035598,26059921,24504330,26957819,28013511,27811536,19962168,23417080,21763445,25905314,25297819,25399486,27158723,25750319,22340612,26960313,26877272,23390757,29635147,26927924,21775931,27142811,27664297,29826416,27228098,26767403,28543870,28455154,31945433,28002726,29849223,31924964,26281580
173,Poland,1804,"Citrus Fruit, Total",5312,Area harvested,ha,,,,,,,,,,,,,,,,,,,,,,,,,,,,,,,,,,,,,,,,,,,,,,,,0
173,Poland,1804,"Citrus Fruit, Total",5510,Production,tonnes,,,,,,,,,,,,,,,,,,,,,,,,,,,,,,,,,,,,,,,,,,,,,,,,0
173,Poland,1753,Fibre Crops Primary,5312,Area harvested,ha,114600,109600,88400,87200,90946,97631,72417,92102,103092,86056,62788,45765,50085,46164,44794,38658,30630,33916,36411,30282,9746,5543,4157,8547,14087,6009,3944,2443,3179,4152,5270,5170,2997,3526,5722,2669,2134,2530,1999,642,948,740,766,331,377,242,256,390
173,Poland,1753,Fibre Crops Primary,5419,Yield,hg/ha,6213,6186,5995,6330,7925,6489,6937,7941,6517,6238,6173,5869,5674,6489,6592,6672,6689,6201,5802,5634,4812,3412,4419,3862,4063,4014,3930,4298,21862,19147,19450,19632,3627,4223,3296,2319,2648,3075,2456,4128,3333,3297,3120,3233,3236,4298,3438,51026
173,Poland,1753,Fibre Crops Primary,5510,Production,tonnes,71200,67800,53000,55200,72072,63349,50237,73140,67190,53680,38759,26861,28420,29954,29528,25793,20488,21032,21125,17062,4690,1891,1837,3301,5724,2412,1550,1050,6950,7950,10250,10150,1087,1489,1886,619,565,778,491,265,316,244,239,107,122,104,88,1990
173,Poland,1738,Fruit Primary,5312,Area harvested,ha,36076,40049,47502,50996,53372,55383,53011,56000,58000,66604,57500,57500,57500,57500,383770,321400,199000,276300,281900,261540,295039,327549,336872,323635,356349,375031,369949,377663,388989,395377,404209,378401,362683,391695,388924,379815,403442,394788,395746,387125,411395,425852,433739,409502,400455,402736,402924,372430
173,Poland,1738,Fruit Primary,5419,Yield,hg/ha,292476,253420,261816,224655,262830,341024,311656,310295,310143,235069,241488,500700,450742,407069,57267,86039,52286,78679,73901,54247,63551,72861,80295,65203,59479,74606,78510,67215,62008,57557,85211,80201,91273,90594,76047,85631,42238,98302,93122,72055,84391,91619,96754,104081,104102,117056,80075,136051
173,Poland,1738,Fruit Primary,5510,Production,tonnes,1055137,1014920,1243679,1145650,1402777,1888692,1652118,1737654,1798828,1565656,1388555,2879025,2591769,2340645,2197731,2765289,1040493,2173888,2083268,1418773,1875016,2386549,2704913,2110195,2119523,2797971,2904476,2538443,2412038,2275654,3444293,3034827,3310328,3548539,2957640,3252409,1704068,3880857,3685278,2789440,3471814,3901632,4196594,4262146,4168817,4714251,3226399,5066930
173,Poland,1731,Oilcrops,5312,Area harvested,ha,501000,387400,404600,345100,403430,500255,477014,443933,306601,419503,347979,313850,309147,464034,520945,558810,533996,509635,617922,555270,493160,442298,367412,406291,647649,306791,337851,490831,575338,452807,463018,453177,462827,568763,574909,664212,830685,795464,837895,984999,855904,742774,943826,985394,994293,862435,965385,891180
173,Poland,1731,Oilcrops,5419,Yield,hg/ha,14052,13061,14212,16720,19324,20918,15934,17260,9553,14597,15202,14683,18925,20533,21124,23621,22546,23895,26049,22408,21536,17434,16552,19198,21722,15334,18145,22869,20137,21483,23417,21386,17892,29394,25797,25427,26136,26836,30242,23160,22156,25528,28709,33751,27786,26434,28903,24353
173,Poland,1731,Oilcrops,5510,Production,tonnes,704000,506000,575000,577000,779571,1046443,760058,766227,292911,612332,528993,460824,585053,952805,1100438,1319961,1203964,1217752,1609632,1244222,1062063,771105,608125,779988,1406810,470439,613041,1122483,1158564,972764,1084257,969168,828067,1671835,1483084,1688914,2171078,2134732,2533959,2281301,1896346,1896152,2709592,3325797,2762767,2279749,2790227,2170290
173,Poland,1841,"Oilcrops, Cake Equivalent",5312,Area harvested,ha,501000,387400,404600,345100,403430,500255,477014,443933,306601,419503,347979,313850,309147,464034,520945,558810,533996,509635,617922,555270,493160,442298,367412,406291,647649,306791,337851,490831,575338,452807,463018,453177,462827,568763,574909,664212,830685,795464,837895,984999,855904,742774,943826,985394,994293,862435,965385,891180
173,Poland,1841,"Oilcrops, Cake Equivalent",5419,Yield,hg/ha,8478,7889,8567,10070,11623,12582,9585,10392,5767,8779,9142,8825,11372,12332,12685,14181,13535,14344,15636,13450,12924,10462,9933,11521,13036,9203,10889,13722,12082,12887,14048,12830,10733,17628,15463,15248,15675,16095,18140,13892,13287,15311,17219,20249,16671,15890,17376,14623
173,Poland,1841,"Oilcrops, Cake Equivalent",5510,Production,tonnes,424750,305620,346630,347500,468892,629402,457214,461320,176819,368276,318132,276973,351560,572254,660824,792458,722739,731026,966167,746863,637384,462722,364936,468097,844273,282345,367874,673524,695099,583544,650437,581411,496742,1002630,889001,1012757,1302073,1280300,1519942,1368345,1137277,1137273,1625220,1995301,1657558,1370440,1677457,1303149
173,Poland,1732,"Oilcrops, Oil Equivalent",5312,Area harvested,ha,501000,387400,404600,345100,403430,500255,477014,443933,306601,419503,347979,313850,309147,464034,520945,558810,533996,509635,617922,555270,493160,442298,367412,406291,647649,306791,337851,490831,575338,452807,463018,453177,462827,568763,574909,664212,830685,795464,837895,984999,855904,742774,943826,985394,994293,862435,965385,891180
173,Poland,1732,"Oilcrops, Oil Equivalent",5419,Yield,hg/ha,5238,4886,5336,6283,7281,7889,6006,6480,3534,5504,5732,5533,7142,7750,8001,8958,8551,9062,9878,8469,8157,6604,6262,7251,8222,5776,6855,8653,7617,8141,8866,8100,6741,11124,9771,9627,9900,10176,11463,8765,8395,9675,10889,12789,10514,9978,10893,9197
173,Poland,1732,"Oilcrops, Oil Equivalent",5510,Production,tonnes,262430,189280,215890,216820,293734,394652,286505,287690,108362,230899,199468,173656,220782,359610,416832,500602,456615,461844,610357,470286,402281,292085,230090,294619,532479,177209,231582,424726,438251,368614,410522,367093,312006,632665,561765,639411,822373,809465,960465,863318,718507,718627,1027697,1260264,1045438,860499,1051553,819641
173,Poland,1726,"Pulses, Total",5312,Area harvested,ha,257000,234000,213000,236700,228946,198944,179779,182081,171975,188131,167975,166374,220054,271574,300239,309722,299578,339187,385602,317951,276649,318458,191585,130871,129023,119412,120432,150763,149418,140804,109179,99551,108500,98566,109138,123124,136248,113431,120064,169427,166617,217620,179675,250004,442045,328742,347229,251980
173,Poland,1726,"Pulses, Total",5419,Yield,hg/ha,13619,13291,13850,13604,11401,11566,11403,13836,13342,10857,12749,13368,13494,15856,14536,15300,17092,16650,15946,19152,23343,13562,21365,15602,20084,21254,20378,19391,21227,18805,19410,22993,21989,24909,21432,19163,19898,20377,22697,21004,21561,23516,22174,23210,18128,18957,20100,18152
173,Poland,1726,"Pulses, Total",5510,Production,tonnes,350000,311000,295000,322000,261013,230091,205010,251923,229451,204249,214158,222403,296947,430607,436416,473875,512036,564734,614878,608953,645794,431883,409323,204187,259126,253799,245411,292343,317168,264776,211920,228895,238580,245515,233901,235947,271108,231140,272513,355861,359245,511745,398410,580262,801360,623180,697943,457400
173,Poland,1720,"Roots and Tubers, Total",5312,Area harvested,ha,2669400,2656000,2678400,2683900,2580864,2466018,2436627,2359618,2440611,2343734,2257679,2177748,2219880,2146689,2095078,2008707,1934097,1866064,1858466,1835340,1732701,1757336,1760676,1697247,1522357,1341894,1306442,1295006,1267846,1250623,1194232,803378,765771,713250,588184,597230,569600,548884,507952,400696,406439,373000,346134,276927,300355,309896,329323,290970
173,Poland,1720,"Roots and Tubers, Total",5419,Yield,hg/ha,149101,183492,193878,180777,179897,202558,168871,197693,203113,112600,188519,146714,155292,174394,174438,194341,187437,185988,185048,197853,167589,133086,206004,135853,163505,202826,159025,200375,157170,193762,162270,193220,179316,196266,176293,150394,207006,190607,191018,210838,230338,243751,210624,277661,210207,286304,278503,251296
173,Poland,1720,"Roots and Tubers, Total",5510,Production,tonnes,39801104,48735408,51928208,48518800,46429040,49951088,41147616,46647888,49571920,26390544,42561648,31950640,34472976,37437056,36546144,39037408,36252208,34706528,34390480,36312784,29038130,23387744,36270544,23057540,24891330,27217090,20775644,25948670,19926716,24232376,19378860,15522842,13731500,13998654,10369253,8981976,11791072,10462100,9702800,8448180,9361848,9091900,7290427,7689180,6313669,8872445,9171733,7311960
173,Poland,1723,Sugar Crops Primary,5312,Area harvested,ha,420700,438000,445300,439900,495857,555035,531957,523313,454818,459762,469643,493019,486382,472589,436375,422827,421653,412247,422659,440221,361348,375751,398915,400467,384477,452638,419364,400274,371714,333131,317448,303000,286300,297257,286179,262046,247432,187484,199936,206225,203512,212018,193671,197638,180119,203389,231716,238920
173,Poland,1723,Sugar Crops Primary,5419,Yield,hg/ha,298479,327420,306849,294862,316762,272177,294011,300137,311192,220526,337857,305980,336450,339583,336036,336248,331717,341272,340077,379831,315812,294129,391581,291562,346160,394265,378816,379006,337991,394271,357977,443363,410042,428261,409903,437893,512527,464846,542634,483579,573635,582476,580066,682504,519904,664922,678976,598649
173,Poland,1723,Sugar Crops Primary,5510,Production,tonnes,12557000,14341000,13664000,12971000,15706842,15106801,15640109,15706549,14153586,10138960,15867210,15085414,16364304,16048313,14663764,14217460,13986964,14068824,14373680,16720958,11411793,11051938,15620752,11676090,13309070,17845920,15886194,15170608,12563612,13134383,11363907,13433900,11739509,12730366,11730554,11474820,12681555,8715120,10849200,9972598,11674153,12349546,11234194,13488875,9364467,13523781,15732952,14302910
173,Poland,1729,"Treenuts, Total",5312,Area harvested,ha,,,,,,,,,,,,,,,,,,,,200,183,400,500,400,500,600,700,755,1500,1841,2000,5215,5248,4644,4966,8586,9794,22714,22769,32634,30040,20215,7018,6796,6035,6524,6462,6030
173,Poland,1729,"Treenuts, Total",5419,Yield,hg/ha,,,,,,,,,,,,,,,,,,,,12500,19672,37500,30000,25000,27100,24333,25714,23179,20667,21999,25000,18286,20863,22644,17916,10628,10314,6829,6873,3734,4637,8406,19370,18345,20716,19529,12926,25075
173,Poland,1729,"Treenuts, Total",5510,Production,tonnes,,,,,,,,,,,,,,,,,,,,250,360,1500,1500,1000,1355,1460,1800,1750,3100,4050,5000,9536,10949,10516,8897,9125,10102,15511,15650,12187,13930,16993,13594,12467,12502,12741,8353,15120
173,Poland,1735,Vegetables Primary,5312,Area harvested,ha,233905,200454,238313,242826,252188,251640,227752,280708,278035,283980,289820,276603,264135,251187,241211,248060,258595,258804,259799,254703,274089,265040,274551,268083,281779,241592,244930,256606,245986,250164,246316,186090,204025,212975,227004,236590,222805,203387,212151,165970,184480,181070,148478,178360,181445,184337,183441,191705
173,Poland,1735,Vegetables Primary,5419,Yield,hg/ha,152635,184122,171518,146215,166243,154161,173806,162234,170487,136314,176251,152730,166203,211830,192555,216960,217638,218658,213126,225078,223301,198817,227170,203596,214006,228784,220138,240849,228899,239778,230811,294084,256153,269515,247473,228502,264581,265174,273983,308092,314489,312919,352941,329477,279425,319869,327189,287097
173,Poland,1735,Vegetables Primary,5510,Production,tonnes,3570202,3690807,4087492,3550474,4192450,3879300,3958468,4554033,4740146,3871050,5108115,4224559,4389992,5320886,4644649,5381912,5628008,5658959,5537002,5732816,6120447,5269445,6236988,5458059,6030228,5527240,5391833,6180329,5630600,5998378,5685249,5472610,5226164,5739988,5617734,5406134,5894986,5393302,5812587,5113402,5801702,5666027,5240397,5876549,5070030,5896363,6001996,5503800
